file_name; N; Max_E; Mean_E; E_eff 
0_Xe1Ar24.8;1202800;0.2725175993249726;0.11588618411220038;511482.20370140905
